,고객이름,지역,등록일
0,김 현성,H시,2018-01-04 00:00:00
1,김 도윤,E시,42782
2,김 지한,A시,2018-01-07 00:00:00
3,김 하윤,F시,42872
4,김 시온,E시,43127
5,김 예성,A시,2017-06-20 00:00:00
6,김 하람,H시,2018-06-11 00:00:00
7,김 호준,B시,2017-05-19 00:00:00
8,김 지완,G시,2018-02-12 00:00:00
9,김 주호,G시,2017-07-05 00:00:00
10,김 재원,E시,2018-03-31 00:00:00
11,김 승민,A시,2017-04-22 00:00:00
12,김 준형,C시,2018-03-09 00:00:00
13,김 동건,D시,2017-03-13 00:00:00
14,김 준서,E시,2018-01-24 00:00:00
15,김 수혁,G시,2017-06-09 00:00:00
16,김 진우,D시,2018-05-02 00:00:00
17,김 윤호,G시,2017-02-05 00:00:00
18,김 윤서,H시,2018-07-10 00:00:00
19,김 준희,H시,2017-07-08 00:00:00
20,김 윤우,A시,2018-03-12 00:00:00
21,김 동우,A시,42920
22,김 성빈,H시,2018-02-28 00:00:00
23,김 태준,E시,2017-05-16 00:00:00
24,김 태경,D시,2018-01-29 00:00:00
25,김 승후,C시,2017-03-17 00:00:00
26,김 현우,C시,2018-06-28 00:00:00
27,김 서준,C시,42901
28,김 주원,C시,2018-05-21 00:00:00
29,김 태인,F시,2017-03-12 00:00:00
30,김 승준,E시,2018-07-01 00:00:00
31,김 윤재,H시,2017-01-30 00:00:00
32,김 수민,A시,2018-02-06 00:00:00
33,김 승훈,C시,2017-01-30 00:00:00
34,김 하준,H시,2018-04-21 00:00:00
35,김 하율,F시,2017-04-01 00:00:00
36,김 우찬,C시,2018-04-07 00:00:00
37,김 준성,D시,2017-07-28 00:00:00
38,김 준혁,A시,2018-05-09 00:00:00
39,김 승찬,B시,2017-02-19 00:00:00
40,김 현승,A시,2018-01-08 00:00:00
41,김 지운,E시,2017-07-10 00:00:00
42,김 성민,A시,2018-02-06 00:00:00
43,김 지호,D시,2017-06-16 00:00:00
44,김 우준,D시,2018-05-22 00:00:00
45,김 승빈,G시,2017-07-07 00:00:00
46,김 재민,D시,2018-02-02 00:00:00
47,김 태민,H시,42741
48,김 주혁,C시,2018-02-22 00:00:00
49,김 정원,H시,42929
50,김 하랑,E시,2018-01-11 00:00:00
51,김 지우,G시,2017-04-11 00:00:00
52,김 예준,C시,2018-07-22 00:00:00
53,김 주영,E시,42833
54,김 민석,A시,2018-05-13 00:00:00
55,김 유빈,C시,2017-01-07 00:00:00
56,김 시훈,E시,2018-07-23 00:00:00
57,김 동현,C시,2017-05-30 00:00:00
58,김 라온,F시,2018-07-29 00:00:00
59,김 은우,E시,2017-01-04 00:00:00
60,김 민재,B시,2018-05-15 00:00:00
61,김 준후,B시,2017-04-18 00:00:00
62,김 현서,C시,2018-07-28 00:00:00
63,김 서후,A시,2017-05-23 00:00:00
64,김 재현,D시,2018-07-22 00:00:00
65,김 유준,D시,2017-04-04 00:00:00
66,김 찬우,F시,2018-07-16 00:00:00
67,김 도현,A시,2017-03-04 00:00:00
68,김 상민,H시,2018-02-24 00:00:00
69,김 재영,G시,2017-06-19 00:00:00
70,김 하진,C시,2018-05-18 00:00:00
71,김 범준,F시,2017-01-06 00:00:00
72,김 우진,H시,2018-05-14 00:00:00
73,김 지훈,A시,2017-06-02 00:00:00
74,김 시윤,F시,2018-03-24 00:00:00
75,김 강민,G시,2017-06-08 00:00:00
76,김 지성,A시,43188
77,김 윤찬,C시,2017-04-06 00:00:00
78,김 민호,F시,2018-07-09 00:00:00
79,김 윤성,F시,2017-03-03 00:00:00
80,김 지후,D시,43110
81,김 현진,H시,2017-07-13 00:00:00
82,김 태양,A시,2018-03-11 00:00:00
83,김 대현,H시,2017-01-30 00:00:00
84,김 재준,A시,2018-02-21 00:00:00
85,김 민건,F시,2017-02-14 00:00:00
86,김 도경,H시,2018-06-13 00:00:00
87,김 지민,F시,2017-05-23 00:00:00
88,김 은호,H시,2018-05-22 00:00:00
89,김 민혁,A시,2017-05-13 00:00:00
90,김 민찬,B시,2018-03-13 00:00:00
91,김 승원,C시,2017-05-17 00:00:00
92,김 정현,G시,2018-03-29 00:00:00
93,김 승유,A시,2017-04-27 00:00:00
94,김 세현,C시,2018-03-17 00:00:00
95,김 승윤,F시,2017-03-25 00:00:00
96,김 이준,B시,2018-02-10 00:00:00
97,김 경민,E시,2017-07-05 00:00:00
98,김 정훈,D시,2018-07-30 00:00:00
99,김 성우,E시,42885
100,김 은율,C시,2018-05-03 00:00:00
101,김 도훈,F시,2017-06-12 00:00:00
102,김 태현,B시,2018-02-13 00:00:00
103,김 주안,G시,2017-05-05 00:00:00
104,김 동욱,A시,2018-07-04 00:00:00
105,김 재훈,D시,2017-03-23 00:00:00
106,김 도율,C시,2018-01-26 00:00:00
107,김 예찬,B시,2017-07-03 00:00:00
108,김 태훈,A시,2018-01-06 00:00:00
109,김 준석,F시,2017-03-04 00:00:00
110,김 원준,A시,2018-03-08 00:00:00
111,김 민준,H시,2017-07-01 00:00:00
112,김 은찬,H시,2018-03-24 00:00:00
113,김 영준,A시,2017-01-23 00:00:00
114,김 주한,D시,43254
115,김 현수,E시,2017-04-07 00:00:00
116,김 건희,B시,2018-01-21 00:00:00
117,김 규민,F시,2017-01-08 00:00:00
118,김 재혁,G시,43129
119,김 승재,C시,2017-02-12 00:00:00
120,김 정후,G시,2018-05-07 00:00:00
121,김 성현,C시,2017-04-09 00:00:00
122,정 영훈,A시,43206
123,김 민우,B시,2017-01-05 00:00:00
124,김 주환,B시,2018-05-02 00:00:00
125,김 준호,G시,2017-02-20 00:00:00
126,김 준우,C시,2018-06-25 00:00:00
127,김 시율,F시,2017-07-15 00:00:00
128,김 도하,G시,2018-02-17 00:00:00
129,김 규현,F시,2017-03-21 00:00:00
130,김 주현,B시,2018-03-08 00:00:00
131,김 정민,B시,2017-07-01 00:00:00
132,김 건우,G시,2018-04-24 00:00:00
133,정 도형,A시,2017-04-13 00:00:00
134,김 연준,A시,2018-07-29 00:00:00
135,김 강현,D시,2017-06-07 00:00:00
136,김 태우,F시,2018-06-18 00:00:00
137,김 지율,B시,2017-03-15 00:00:00
138,김 지용,B시,2018-07-21 00:00:00
139,김 지오,F시,42880
140,김 수호,C시,2018-04-14 00:00:00
141,김 가온,C시,2017-01-26 00:00:00
142,김 유찬,A시,2018-06-19 00:00:00
143,김 상현,G시,42818
144,김 시완,A시,2018-05-20 00:00:00
145,김 도원,A시,2017-03-29 00:00:00
146,김 시우,H시,2018-05-19 00:00:00
147,김 은성,G시,2017-02-18 00:00:00
148,김 성윤,F시,2018-03-05 00:00:00
149,김 우빈,D시,2017-07-20 00:00:00
150,김 준수,E시,2018-02-17 00:00:00
151,김 연호,E시,2017-02-07 00:00:00
152,정 우석,B시,2018-06-16 00:00:00
153,김 민규,B시,2017-06-13 00:00:00
154,김 태영,D시,2018-06-17 00:00:00
155,김 은혁,E시,42754
156,김 준영,E시,2018-03-08 00:00:00
157,김 지환,C시,2017-03-23 00:00:00
158,김 서진,G시,2018-06-29 00:00:00
159,김 서윤,G시,2017-01-30 00:00:00
160,김 하민,E시,2018-05-12 00:00:00
161,김 현준,E시,2017-07-02 00:00:00
162,김 승현,F시,2018-05-20 00:00:00
163,김 우영,D시,2017-04-12 00:00:00
164,김 재윤,C시,2018-02-23 00:00:00
165,김 한결,C시,2017-02-18 00:00:00
166,김 우주,A시,2018-03-04 00:00:00
167,김 지혁,A시,2017-03-29 00:00:00
168,김 민서,B시,2018-07-02 00:00:00
169,김 찬영,C시,2017-06-28 00:00:00
170,김 시환,F시,2018-05-27 00:00:00
171,김 수현,E시,2017-02-22 00:00:00
172,김 서율,G시,43181
173,정 준기,B시,2017-02-05 00:00:00
174,김 성훈,B시,2018-01-09 00:00:00
175,김 시호,H시,2017-06-12 00:00:00
176,김 재호,C시,2018-02-14 00:00:00
177,김 재우,D시,2017-04-14 00:00:00
178,김 동하,F시,2018-03-15 00:00:00
179,김 우현,C시,42743
180,김 민기,G시,2018-07-19 00:00:00
181,김 승환,B시,2017-05-23 00:00:00
182,김 다온,A시,2018-05-01 00:00:00
183,김 승우,B시,42940
184,김 성준,H시,2018-05-24 00:00:00
185,김 승호,F시,2017-04-08 00:00:00
186,김 승주,E시,43294
187,김 태윤,E시,2017-05-09 00:00:00
188,김 민수,D시,2018-07-22 00:00:00
189,김 현민,D시,2017-07-30 00:00:00
190,김 유진,B시,2018-06-14 00:00:00
191,김 지안,B시,2017-01-28 00:00:00
192,김 현석,H시,43259
193,김 선우,H시,2017-05-05 00:00:00
194,김 지원,H시,2018-02-27 00:00:00
195,김 재희,G시,2017-06-20 00:00:00
196,김 도영,E시,2018-06-20 00:00:00
197,김 이안,F시,2017-04-29 00:00:00
198,김 시현,H시,2019-04-19 00:00:00
199,김 서우,D시,2019-04-23 00:00:00
